,Date, Close, Volume, Open, High, Low,Symbol
0,10/12/2020,19.68 , N/A,19.68 ,19.68 ,19.68 ,VNFTF
1,10/9/2020,19.68 , N/A,19.68 ,19.68 ,19.68 ,VNFTF
2,10/8/2020,19.68 , N/A,19.68 ,19.68 ,19.68 ,VNFTF
3,10/7/2020,19.68 , N/A,19.68 ,19.68 ,19.68 ,VNFTF
4,10/6/2020,19.68 , N/A,19.68 ,19.68 ,19.68 ,VNFTF
5,10/5/2020,19.68 , N/A,19.68 ,19.68 ,19.68 ,VNFTF
6,10/2/2020,19.68 , N/A,19.68 ,19.68 ,19.68 ,VNFTF
7,10/1/2020,19.68 , N/A,19.68 ,19.68 ,19.68 ,VNFTF
8,9/30/2020,19.68 , N/A,19.68 ,19.68 ,19.68 ,VNFTF
9,9/29/2020,19.68 , N/A,19.68 ,19.68 ,19.68 ,VNFTF
10,9/28/2020,19.68 , N/A,19.68 ,19.68 ,19.68 ,VNFTF
11,9/25/2020,19.68 , N/A,19.68 ,19.68 ,19.68 ,VNFTF
12,9/24/2020,19.68 , N/A,19.68 ,19.68 ,19.68 ,VNFTF
13,9/23/2020,19.68 , N/A,19.68 ,19.68 ,19.68 ,VNFTF
14,9/22/2020,19.68 , N/A,19.68 ,19.68 ,19.68 ,VNFTF
15,9/21/2020,19.68 , N/A,19.68 ,19.68 ,19.68 ,VNFTF
16,9/18/2020,19.68 , N/A,19.68 ,19.68 ,19.68 ,VNFTF
17,9/17/2020,19.68 , N/A,19.68 ,19.68 ,19.68 ,VNFTF
18,9/16/2020,19.68 , N/A,19.68 ,19.68 ,19.68 ,VNFTF
19,9/15/2020,19.68 , N/A,19.68 ,19.68 ,19.68 ,VNFTF
20,9/14/2020,19.68 , N/A,19.68 ,19.68 ,19.68 ,VNFTF
21,9/11/2020,19.68 , N/A,19.68 ,19.68 ,19.68 ,VNFTF
22,9/10/2020,19.68 , N/A,19.68 ,19.68 ,19.68 ,VNFTF
23,9/9/2020,19.68 , N/A,19.68 ,19.68 ,19.68 ,VNFTF
24,9/8/2020,19.68 , N/A,19.68 ,19.68 ,19.68 ,VNFTF
25,9/4/2020,19.68 , N/A,19.68 ,19.68 ,19.68 ,VNFTF
26,9/3/2020,19.68 , N/A,19.68 ,19.68 ,19.68 ,VNFTF
27,9/2/2020,19.68 , N/A,19.68 ,19.68 ,19.68 ,VNFTF
28,9/1/2020,19.68 , N/A,19.68 ,19.68 ,19.68 ,VNFTF
29,8/31/2020,19.68 , N/A,19.68 ,19.68 ,19.68 ,VNFTF
30,8/28/2020,19.68 , N/A,19.68 ,19.68 ,19.68 ,VNFTF
31,8/27/2020,19.68 , N/A,19.68 ,19.68 ,19.68 ,VNFTF
32,8/26/2020,19.68 , N/A,19.68 ,19.68 ,19.68 ,VNFTF
33,8/25/2020,19.68 , N/A,19.68 ,19.68 ,19.68 ,VNFTF
34,8/24/2020,19.68 , N/A,19.68 ,19.68 ,19.68 ,VNFTF
35,8/21/2020,19.68 , N/A,19.68 ,19.68 ,19.68 ,VNFTF
36,8/20/2020,19.68 , N/A,19.68 ,19.68 ,19.68 ,VNFTF
37,8/19/2020,19.68 , N/A,19.68 ,19.68 ,19.68 ,VNFTF
38,8/18/2020,19.68 , N/A,19.68 ,19.68 ,19.68 ,VNFTF
39,8/17/2020,19.68 , N/A,19.68 ,19.68 ,19.68 ,VNFTF
40,8/14/2020,19.68 , N/A,19.68 ,19.68 ,19.68 ,VNFTF
41,8/13/2020,19.68 , N/A,19.68 ,19.68 ,19.68 ,VNFTF
42,8/12/2020,19.68 , N/A,19.68 ,19.68 ,19.68 ,VNFTF
43,8/11/2020,19.68 , N/A,19.68 ,19.68 ,19.68 ,VNFTF
44,8/10/2020,19.68 , N/A,19.68 ,19.68 ,19.68 ,VNFTF
45,8/7/2020,19.68 , N/A,19.68 ,19.68 ,19.68 ,VNFTF
46,8/6/2020,19.68 , N/A,19.68 ,19.68 ,19.68 ,VNFTF
47,8/5/2020,19.68 , N/A,19.68 ,19.68 ,19.68 ,VNFTF
48,8/4/2020,19.68 , N/A,19.68 ,19.68 ,19.68 ,VNFTF
49,8/3/2020,19.68 , N/A,19.68 ,19.68 ,19.68 ,VNFTF
50,7/31/2020,19.68 , N/A,19.68 ,19.68 ,19.68 ,VNFTF
51,7/30/2020,19.68 , N/A,19.68 ,19.68 ,19.68 ,VNFTF
52,7/29/2020,19.68 , N/A,19.68 ,19.68 ,19.68 ,VNFTF
53,7/28/2020,19.68 , N/A,19.68 ,19.68 ,19.68 ,VNFTF
54,7/27/2020,19.68 , N/A,19.68 ,19.68 ,19.68 ,VNFTF
55,7/24/2020,19.68 , N/A,19.68 ,19.68 ,19.68 ,VNFTF
56,7/23/2020,19.68 , N/A,19.68 ,19.68 ,19.68 ,VNFTF
57,7/22/2020,19.68 , N/A,19.68 ,19.68 ,19.68 ,VNFTF
58,7/21/2020,19.68 , N/A,19.68 ,19.68 ,19.68 ,VNFTF
59,7/20/2020,19.68 , N/A,19.68 ,19.68 ,19.68 ,VNFTF
60,7/17/2020,19.68 ,300,19.68 ,19.68 ,19.68 ,VNFTF
61,7/16/2020,19.70 , N/A,19.70 ,19.70 ,19.70 ,VNFTF
62,7/15/2020,19.70 , N/A,19.70 ,19.70 ,19.70 ,VNFTF
63,7/14/2020,19.70 , N/A,19.70 ,19.70 ,19.70 ,VNFTF
64,7/13/2020,19.70 , N/A,19.70 ,19.70 ,19.70 ,VNFTF
65,7/10/2020,19.70 , N/A,19.70 ,19.70 ,19.70 ,VNFTF
66,7/9/2020,19.70 , N/A,19.70 ,19.70 ,19.70 ,VNFTF
67,7/8/2020,19.70 , N/A,19.70 ,19.70 ,19.70 ,VNFTF
68,7/7/2020,19.70 , N/A,19.70 ,19.70 ,19.70 ,VNFTF
69,7/6/2020,19.70 , N/A,19.70 ,19.70 ,19.70 ,VNFTF
70,7/2/2020,19.70 , N/A,19.70 ,19.70 ,19.70 ,VNFTF
71,7/1/2020,19.70 , N/A,19.70 ,19.70 ,19.70 ,VNFTF
72,6/30/2020,19.70 , N/A,19.70 ,19.70 ,19.70 ,VNFTF
73,6/29/2020,19.70 , N/A,19.70 ,19.70 ,19.70 ,VNFTF
74,6/26/2020,19.70 , N/A,19.70 ,19.70 ,19.70 ,VNFTF
75,6/25/2020,19.70 , N/A,19.70 ,19.70 ,19.70 ,VNFTF
76,6/24/2020,19.70 , N/A,19.70 ,19.70 ,19.70 ,VNFTF
77,6/23/2020,19.70 , N/A,19.70 ,19.70 ,19.70 ,VNFTF
78,6/22/2020,19.70 , N/A,19.70 ,19.70 ,19.70 ,VNFTF
79,6/19/2020,19.70 , N/A,19.70 ,19.70 ,19.70 ,VNFTF
80,6/18/2020,19.70 , N/A,19.70 ,19.70 ,19.70 ,VNFTF
81,6/17/2020,19.70 , N/A,19.70 ,19.70 ,19.70 ,VNFTF
82,6/16/2020,19.70 , N/A,19.70 ,19.70 ,19.70 ,VNFTF
83,6/15/2020,19.70 , N/A,19.70 ,19.70 ,19.70 ,VNFTF
84,6/12/2020,19.70 , N/A,19.70 ,19.70 ,19.70 ,VNFTF
85,6/11/2020,19.70 , N/A,19.70 ,19.70 ,19.70 ,VNFTF
86,6/10/2020,19.70 , N/A,19.70 ,19.70 ,19.70 ,VNFTF
87,6/9/2020,19.70 , N/A,19.70 ,19.70 ,19.70 ,VNFTF
88,6/8/2020,19.70 , N/A,19.70 ,19.70 ,19.70 ,VNFTF
89,6/5/2020,19.70 , N/A,19.70 ,19.70 ,19.70 ,VNFTF
90,6/4/2020,19.70 ,1004,19.70 ,19.70 ,19.70 ,VNFTF
91,6/3/2020,18.77 , N/A,18.77 ,18.77 ,18.77 ,VNFTF
92,6/2/2020,18.77 , N/A,18.77 ,18.77 ,18.77 ,VNFTF
93,6/1/2020,18.77 , N/A,18.77 ,18.77 ,18.77 ,VNFTF
94,5/29/2020,18.77 , N/A,18.77 ,18.77 ,18.77 ,VNFTF
95,5/28/2020,18.77 , N/A,18.77 ,18.77 ,18.77 ,VNFTF
96,5/27/2020,18.77 ,1092,18.77 ,18.77 ,18.77 ,VNFTF
97,5/26/2020,27.60 , N/A,27.60 ,27.60 ,27.60 ,VNFTF
98,5/22/2020,27.60 , N/A,27.60 ,27.60 ,27.60 ,VNFTF
99,5/21/2020,27.60 , N/A,27.60 ,27.60 ,27.60 ,VNFTF
100,5/20/2020,27.60 , N/A,27.60 ,27.60 ,27.60 ,VNFTF
101,5/19/2020,27.60 , N/A,27.60 ,27.60 ,27.60 ,VNFTF
102,5/18/2020,27.60 , N/A,27.60 ,27.60 ,27.60 ,VNFTF
103,5/15/2020,27.60 , N/A,27.60 ,27.60 ,27.60 ,VNFTF
104,5/14/2020,27.60 , N/A,27.60 ,27.60 ,27.60 ,VNFTF
105,5/13/2020,27.60 , N/A,27.60 ,27.60 ,27.60 ,VNFTF
106,5/12/2020,27.60 , N/A,27.60 ,27.60 ,27.60 ,VNFTF
107,5/11/2020,27.60 , N/A,27.60 ,27.60 ,27.60 ,VNFTF
108,5/8/2020,27.60 , N/A,27.60 ,27.60 ,27.60 ,VNFTF
109,5/7/2020,27.60 , N/A,27.60 ,27.60 ,27.60 ,VNFTF
110,5/6/2020,27.60 , N/A,27.60 ,27.60 ,27.60 ,VNFTF
111,5/5/2020,27.60 , N/A,27.60 ,27.60 ,27.60 ,VNFTF
112,5/4/2020,27.60 , N/A,27.60 ,27.60 ,27.60 ,VNFTF
113,5/1/2020,27.60 , N/A,27.60 ,27.60 ,27.60 ,VNFTF
114,4/30/2020,27.60 , N/A,27.60 ,27.60 ,27.60 ,VNFTF
115,4/29/2020,27.60 , N/A,27.60 ,27.60 ,27.60 ,VNFTF
116,4/28/2020,27.60 , N/A,27.60 ,27.60 ,27.60 ,VNFTF
117,4/27/2020,27.60 , N/A,27.60 ,27.60 ,27.60 ,VNFTF
118,4/24/2020,27.60 , N/A,27.60 ,27.60 ,27.60 ,VNFTF
119,4/23/2020,27.60 , N/A,27.60 ,27.60 ,27.60 ,VNFTF
120,4/22/2020,27.60 , N/A,27.60 ,27.60 ,27.60 ,VNFTF
121,4/21/2020,27.60 , N/A,27.60 ,27.60 ,27.60 ,VNFTF
122,4/20/2020,27.60 , N/A,27.60 ,27.60 ,27.60 ,VNFTF
123,4/17/2020,27.60 , N/A,27.60 ,27.60 ,27.60 ,VNFTF
124,4/16/2020,27.60 , N/A,27.60 ,27.60 ,27.60 ,VNFTF
125,4/15/2020,27.60 , N/A,27.60 ,27.60 ,27.60 ,VNFTF
126,4/14/2020,27.60 , N/A,27.60 ,27.60 ,27.60 ,VNFTF
127,4/13/2020,27.60 , N/A,27.60 ,27.60 ,27.60 ,VNFTF
128,4/9/2020,27.60 , N/A,27.60 ,27.60 ,27.60 ,VNFTF
129,4/8/2020,27.60 , N/A,27.60 ,27.60 ,27.60 ,VNFTF
130,4/7/2020,27.60 , N/A,27.60 ,27.60 ,27.60 ,VNFTF
131,4/6/2020,27.60 , N/A,27.60 ,27.60 ,27.60 ,VNFTF
132,4/3/2020,27.60 , N/A,27.60 ,27.60 ,27.60 ,VNFTF
133,4/2/2020,27.60 , N/A,27.60 ,27.60 ,27.60 ,VNFTF
134,4/1/2020,27.60 , N/A,27.60 ,27.60 ,27.60 ,VNFTF
135,3/31/2020,27.60 , N/A,27.60 ,27.60 ,27.60 ,VNFTF
136,3/30/2020,27.60 , N/A,27.60 ,27.60 ,27.60 ,VNFTF
137,3/27/2020,27.60 , N/A,27.60 ,27.60 ,27.60 ,VNFTF
138,3/26/2020,27.60 , N/A,27.60 ,27.60 ,27.60 ,VNFTF
139,3/25/2020,27.60 , N/A,27.60 ,27.60 ,27.60 ,VNFTF
140,3/24/2020,27.60 , N/A,27.60 ,27.60 ,27.60 ,VNFTF
141,3/23/2020,27.60 , N/A,27.60 ,27.60 ,27.60 ,VNFTF
142,3/20/2020,27.60 , N/A,27.60 ,27.60 ,27.60 ,VNFTF
143,3/19/2020,27.60 , N/A,27.60 ,27.60 ,27.60 ,VNFTF
144,3/18/2020,27.60 , N/A,27.60 ,27.60 ,27.60 ,VNFTF
145,3/17/2020,27.60 , N/A,27.60 ,27.60 ,27.60 ,VNFTF
146,3/16/2020,27.60 , N/A,27.60 ,27.60 ,27.60 ,VNFTF
147,3/13/2020,27.60 , N/A,27.60 ,27.60 ,27.60 ,VNFTF
148,3/12/2020,27.60 , N/A,27.60 ,27.60 ,27.60 ,VNFTF
149,3/11/2020,27.60 , N/A,27.60 ,27.60 ,27.60 ,VNFTF
150,3/10/2020,27.60 , N/A,27.60 ,27.60 ,27.60 ,VNFTF
151,3/9/2020,27.60 , N/A,27.60 ,27.60 ,27.60 ,VNFTF
152,3/6/2020,27.60 , N/A,27.60 ,27.60 ,27.60 ,VNFTF
153,3/5/2020,27.60 , N/A,27.60 ,27.60 ,27.60 ,VNFTF
154,3/4/2020,27.60 , N/A,27.60 ,27.60 ,27.60 ,VNFTF
155,3/3/2020,27.60 , N/A,27.60 ,27.60 ,27.60 ,VNFTF
156,3/2/2020,27.60 , N/A,27.60 ,27.60 ,27.60 ,VNFTF
157,2/28/2020,27.60 , N/A,27.60 ,27.60 ,27.60 ,VNFTF
158,2/27/2020,27.60 , N/A,27.60 ,27.60 ,27.60 ,VNFTF
159,2/26/2020,27.60 , N/A,27.60 ,27.60 ,27.60 ,VNFTF
160,2/25/2020,27.60 , N/A,27.60 ,27.60 ,27.60 ,VNFTF
161,2/24/2020,27.60 , N/A,27.60 ,27.60 ,27.60 ,VNFTF
162,2/21/2020,27.60 , N/A,27.60 ,27.60 ,27.60 ,VNFTF
163,2/20/2020,27.60 , N/A,27.60 ,27.60 ,27.60 ,VNFTF
164,2/19/2020,27.60 , N/A,27.60 ,27.60 ,27.60 ,VNFTF
165,2/18/2020,27.60 , N/A,27.60 ,27.60 ,27.60 ,VNFTF
166,2/14/2020,27.60 , N/A,27.60 ,27.60 ,27.60 ,VNFTF
167,2/13/2020,27.60 , N/A,27.60 ,27.60 ,27.60 ,VNFTF
168,2/12/2020,27.60 , N/A,27.60 ,27.60 ,27.60 ,VNFTF
169,2/11/2020,27.60 , N/A,27.60 ,27.60 ,27.60 ,VNFTF
170,2/10/2020,27.60 , N/A,27.60 ,27.60 ,27.60 ,VNFTF
171,2/7/2020,27.60 , N/A,27.60 ,27.60 ,27.60 ,VNFTF
172,2/6/2020,27.60 , N/A,27.60 ,27.60 ,27.60 ,VNFTF
173,2/5/2020,27.60 ,100,27.60 ,27.60 ,27.60 ,VNFTF
0,10/12/2020,442.30 ,38791130,442 ,448.74 ,438.58 ,TSLA
1,10/9/2020,434 ,28925660,430.13 ,434.59 ,426.46 ,TSLA
2,10/8/2020,425.92 ,40421120,438.44 ,439 ,425.30 ,TSLA
3,10/7/2020,425.30 ,43127710,419.87 ,429.90 ,413.85 ,TSLA
4,10/6/2020,413.98 ,49146260,423.79 ,428.78 ,406.05 ,TSLA
5,10/5/2020,425.68 ,44722790,423.35 ,433.64 ,419.33 ,TSLA
6,10/2/2020,415.09 ,71430030,421.39 ,439.13 ,415 ,TSLA
7,10/1/2020,448.16 ,50741450,440.76 ,448.88 ,434.42 ,TSLA
8,9/30/2020,429.01 ,48145570,421.32 ,433.93 ,420.47 ,TSLA
9,9/29/2020,419.07 ,50341400,416 ,428.50 ,411.60 ,TSLA
10,9/28/2020,421.20 ,49719560,424.62 ,428.08 ,415.55 ,TSLA
11,9/25/2020,407.34 ,67208460,393.47 ,408.73 ,391.30 ,TSLA
12,9/24/2020,387.79 ,96561060,363.80 ,399.50 ,351.30 ,TSLA
13,9/23/2020,380.36 ,95074180,405.16 ,412.15 ,375.88 ,TSLA
14,9/22/2020,424.23 ,79580800,429.60 ,437.76 ,417.60 ,TSLA
15,9/21/2020,449.39 ,109476800,453.13 ,455.68 ,407.07 ,TSLA
16,9/18/2020,442.15 ,86406820,447.94 ,451 ,428.80 ,TSLA
17,9/17/2020,423.43 ,76779160,415.60 ,437.79 ,408.00 ,TSLA
18,9/16/2020,441.76 ,72546760,439.87 ,457.79 ,435.31 ,TSLA
19,9/15/2020,449.76 ,97298230,436.56 ,461.94 ,430.70 ,TSLA
20,9/14/2020,419.62 ,83020610,380.95 ,420 ,373.30 ,TSLA
21,9/11/2020,372.72 ,60717460,381.94 ,382.50 ,360.50 ,TSLA
22,9/10/2020,371.34 ,84930610,386.21 ,398.99 ,360.56 ,TSLA
23,9/9/2020,366.28 ,79465770,356.60 ,369 ,341.51 ,TSLA
24,9/8/2020,330.21 ,115465700,356 ,368.74 ,329.88 ,TSLA
25,9/4/2020,418.32 ,110321900,402.81 ,428 ,372.02 ,TSLA
26,9/3/2020,407 ,87596090,407.23 ,431.80 ,402 ,TSLA
27,9/2/2020,447.37 ,96176130,478.99 ,479.04 ,405.12 ,TSLA
28,9/1/2020,475.05 ,90119420,502.14 ,502.49 ,470.51 ,TSLA
29,8/31/2020,498.32 ,118374400,444.61 ,500.14 ,440.11 ,TSLA
30,8/28/2020,442.68 ,100405900,459.02 ,463.70 ,437.30 ,TSLA
31,8/27/2020,447.75 ,118465200,436.09 ,459.12 ,428.50 ,TSLA
32,8/26/2020,430.63 ,71196900,412 ,433.20 ,410.73 ,TSLA
33,8/25/2020,404.67 ,53294450,394.98 ,405.59 ,393.60 ,TSLA
34,8/24/2020,402.84 ,100318100,425.26 ,425.80 ,385.50 ,TSLA
35,8/21/2020,410.00 ,107447800,408.95 ,419.10 ,405.01 ,TSLA
36,8/20/2020,400.37 ,103059000,372.14 ,404.40 ,371.41 ,TSLA
37,8/19/2020,375.71 ,61026650,373 ,382.20 ,368.24 ,TSLA
38,8/18/2020,377.42 ,82372450,379.80 ,384.78 ,369.02 ,TSLA
39,8/17/2020,367.13 ,101211600,335.40 ,369.17 ,334.57 ,TSLA
40,8/14/2020,330.14 ,62888050,333.00 ,333.76 ,325.33 ,TSLA
41,8/13/2020,324.20 ,102126550,322.20 ,330.24 ,313.45 ,TSLA
42,8/12/2020,310.95 ,109494150,294 ,317 ,287 ,TSLA
43,8/11/2020,274.88 ,43129170,279.20 ,284 ,273 ,TSLA
44,8/10/2020,283.71 ,37611320,289.60 ,291.50 ,277.17 ,TSLA
45,8/7/2020,290.54 ,44482100,299.91 ,299.95 ,283.00 ,TSLA
46,8/6/2020,297.92 ,29961565,298.17 ,303.46 ,295.45 ,TSLA
47,8/5/2020,297.00 ,24890075,298.60 ,299.97 ,293.66 ,TSLA
48,8/4/2020,297.40 ,42074950,299.00 ,305.48 ,292.40 ,TSLA
49,8/3/2020,297 ,44046730,289.84 ,301.96 ,288.88 ,TSLA
50,7/31/2020,286.15 ,61234800,303 ,303.41 ,284.20 ,TSLA
51,7/30/2020,297.50 ,38105195,297.60 ,302.65 ,294.20 ,TSLA
52,7/29/2020,299.82 ,47134465,300.20 ,306.96 ,297.40 ,TSLA
53,7/28/2020,295.30 ,79043500,300.80 ,312.94 ,294.88 ,TSLA
54,7/27/2020,307.92 ,80243350,287 ,309.59 ,282.60 ,TSLA
55,7/24/2020,283.40 ,96983100,283.20 ,293 ,273.31 ,TSLA
56,7/23/2020,302.61 ,121642500,335.79 ,337.80 ,296.15 ,TSLA
57,7/22/2020,318.47 ,70805400,319.80 ,325.28 ,312.40 ,TSLA
58,7/21/2020,313.67 ,80786400,327.99 ,335 ,311.60 ,TSLA
59,7/20/2020,328.60 ,85606850,303.80 ,330 ,297.60 ,TSLA
60,7/17/2020,300.17 ,46649860,302.69 ,307.50 ,298 ,TSLA
61,7/16/2020,300.13 ,71503950,295.43 ,306.34 ,293.20 ,TSLA
62,7/15/2020,309.20 ,81839150,308.60 ,310 ,291.40 ,TSLA
63,7/14/2020,303.36 ,117090700,311.20 ,318 ,286.20 ,TSLA
64,7/13/2020,299.41 ,194926800,331.80 ,359.00 ,294.22 ,TSLA
65,7/10/2020,308.93 ,116687750,279.20 ,309.78 ,275.20 ,TSLA
66,7/9/2020,278.86 ,58588000,279.40 ,281.71 ,270.26 ,TSLA
67,7/8/2020,273.18 ,81556550,281 ,283.45 ,262.27 ,TSLA
68,7/7/2020,277.97 ,107448300,281.00 ,285.90 ,267.34 ,TSLA
69,7/6/2020,274.32 ,102849300,255.34 ,275.56 ,253.21 ,TSLA
70,7/2/2020,241.73 ,86250600,244.30 ,245.60 ,237.12 ,TSLA
71,7/1/2020,223.93 ,66634500,216.60 ,227.07 ,216.10 ,TSLA
72,6/30/2020,215.96 ,84592500,201.30 ,217.54 ,200.75 ,TSLA
73,6/29/2020,201.87 ,45132020,193.80 ,202 ,189.70 ,TSLA
74,6/26/2020,191.95 ,44274540,198.96 ,199 ,190.97 ,TSLA
75,6/25/2020,197.20 ,46272745,190.85 ,197.20 ,187.43 ,TSLA
76,6/24/2020,192.17 ,54797950,198.82 ,200.18 ,190.63 ,TSLA
77,6/23/2020,200.36 ,31826355,199.78 ,202.40 ,198.80 ,TSLA
78,6/22/2020,198.86 ,31811750,199.99 ,201.78 ,198.00 ,TSLA
79,6/19/2020,200.18 ,43398745,202.56 ,203.19 ,198.27 ,TSLA
80,6/18/2020,200.79 ,48759680,200.60 ,203.84 ,198.89 ,TSLA
81,6/17/2020,198.36 ,49454000,197.54 ,201 ,196.51 ,TSLA
82,6/16/2020,196.43 ,70255400,202.37 ,202.58 ,192.48 ,TSLA
83,6/15/2020,198.18 ,78485900,183.56 ,199.77 ,181.70 ,TSLA
84,6/12/2020,187.06 ,83816850,196 ,197.60 ,182.52 ,TSLA
85,6/11/2020,194.57 ,79582400,198.04 ,203.79 ,194.40 ,TSLA
86,6/10/2020,205.01 ,92817050,198.38 ,205.50 ,196.50 ,TSLA
87,6/9/2020,188.13 ,56940750,188.00 ,190.89 ,184.79 ,TSLA
88,6/8/2020,189.98 ,70873650,183.80 ,190 ,181.83 ,TSLA
89,6/5/2020,177.13 ,39059585,175.57 ,177.30 ,173.24 ,TSLA
90,6/4/2020,172.88 ,44438565,177.98 ,179.15 ,171.69 ,TSLA
91,6/3/2020,176.59 ,39747345,177.62 ,179.59 ,176.02 ,TSLA
92,6/2/2020,176.31 ,67828000,178.94 ,181.73 ,174.20 ,TSLA
93,6/1/2020,179.62 ,75426500,171.60 ,179.80 ,170.82 ,TSLA
94,5/29/2020,167 ,59062450,161.75 ,167 ,160.84 ,TSLA
95,5/28/2020,161.16 ,36378870,162.70 ,164.95 ,160.34 ,TSLA
96,5/27/2020,164.05 ,57747650,164.17 ,165.54 ,157 ,TSLA
97,5/26/2020,163.77 ,40448680,166.90 ,166.92 ,163.14 ,TSLA
98,5/22/2020,163.38 ,49937375,164.43 ,166.36 ,162.40 ,TSLA
99,5/21/2020,165.52 ,61272900,163.20 ,166.50 ,159.20 ,TSLA
100,5/20/2020,163.11 ,36546355,164.10 ,165.20 ,162.36 ,TSLA
101,5/19/2020,161.60 ,48182610,163.03 ,164.41 ,161.22 ,TSLA
102,5/18/2020,162.73 ,58490500,165.56 ,166.94 ,160.78 ,TSLA
103,5/15/2020,159.83 ,52592150,158.07 ,161.01 ,157.31 ,TSLA
104,5/14/2020,160.67 ,68410950,156 ,160.67 ,152.80 ,TSLA
105,5/13/2020,158.19 ,95327450,164.17 ,165.20 ,152.66 ,TSLA
106,5/12/2020,161.88 ,79534550,165.40 ,168.66 ,161.60 ,TSLA
107,5/11/2020,162.26 ,82598000,158.10 ,164.80 ,157 ,TSLA
108,5/8/2020,163.88 ,80650450,158.75 ,164.80 ,157.40 ,TSLA
109,5/7/2020,156.01 ,57638450,155.44 ,159.28 ,154.47 ,TSLA
110,5/6/2020,156.52 ,55616150,155.30 ,157.96 ,152.22 ,TSLA
111,5/5/2020,153.64 ,84958300,157.96 ,159.78 ,152.44 ,TSLA
112,5/4/2020,152.24 ,96185450,140.20 ,152.40 ,139.60 ,TSLA
113,5/1/2020,140.26 ,162659050,151 ,154.55 ,136.61 ,TSLA
114,4/30/2020,156.38 ,142359250,171.04 ,173.96 ,152.70 ,TSLA
115,4/29/2020,160.10 ,81079900,158.03 ,160.64 ,156.63 ,TSLA
116,4/28/2020,153.82 ,76109800,159.13 ,161 ,151.34 ,TSLA
117,4/27/2020,159.75 ,103407200,147.52 ,159.90 ,147 ,TSLA
118,4/24/2020,145.03 ,66188050,142.16 ,146.15 ,139.64 ,TSLA
119,4/23/2020,141.13 ,66183500,145.52 ,146.80 ,140.63 ,TSLA
120,4/22/2020,146.42 ,71124150,140.80 ,146.80 ,137.74 ,TSLA
121,4/21/2020,137.34 ,101045450,146.02 ,150.67 ,134.76 ,TSLA
122,4/20/2020,149.27 ,73731850,146.54 ,153.11 ,142.44 ,TSLA
123,4/17/2020,150.78 ,65641150,154.46 ,154.99 ,149.53 ,TSLA
124,4/16/2020,149.04 ,103289300,143.39 ,151.89 ,141.34 ,TSLA
125,4/15/2020,145.97 ,117885000,148.40 ,150.63 ,142 ,TSLA
126,4/14/2020,141.98 ,152882550,139.79 ,148.38 ,138.49 ,TSLA
127,4/13/2020,130.19 ,112377100,118.03 ,130.40 ,116.11 ,TSLA
128,4/9/2020,114.60 ,68250000,112.42 ,115.04 ,111.42 ,TSLA
129,4/8/2020,109.77 ,63280100,110.84 ,111.44 ,106.67 ,TSLA
130,4/7/2020,109.09 ,89598900,109 ,113 ,106.47 ,TSLA
131,4/6/2020,103.25 ,74509200,102.24 ,104.20 ,99.59 ,TSLA
132,4/3/2020,96.00 ,112810400,101.90 ,103.10 ,93.68 ,TSLA
133,4/2/2020,90.89 ,99292150,96.21 ,98.85 ,89.28 ,TSLA
134,4/1/2020,96.31 ,66765900,100.80 ,102.79 ,95.02 ,TSLA
135,3/31/2020,104.80 ,88857450,100.25 ,108.59 ,99.40 ,TSLA
136,3/30/2020,100.43 ,59990350,102.05 ,103.33 ,98.25 ,TSLA
137,3/27/2020,102.87 ,71887050,101 ,105.16 ,98.81 ,TSLA
138,3/26/2020,105.63 ,87110400,109.48 ,112 ,102.45 ,TSLA
139,3/25/2020,107.85 ,106113750,109.05 ,111.40 ,102.22 ,TSLA
140,3/24/2020,101 ,114475850,95.46 ,102.74 ,94.80 ,TSLA
141,3/23/2020,86.86 ,82272750,86.72 ,88.40 ,82.10 ,TSLA
142,3/20/2020,85.51 ,141427500,87.64 ,95.40 ,85.16 ,TSLA
143,3/19/2020,85.53 ,150977300,74.94 ,90.40 ,71.69 ,TSLA
144,3/18/2020,72.24 ,118930800,77.80 ,80.97 ,70.10 ,TSLA
145,3/17/2020,86.04 ,119972900,88.00 ,94.37 ,79.20 ,TSLA
146,3/16/2020,89.01 ,102447300,93.90 ,98.97 ,88.43 ,TSLA
147,3/13/2020,109.32 ,113201250,119 ,121.51 ,100.40 ,TSLA
148,3/12/2020,112.11 ,94545250,116.18 ,118.90 ,109.25 ,TSLA
149,3/11/2020,126.85 ,67067950,128.04 ,130.72 ,122.60 ,TSLA
150,3/10/2020,129.07 ,77972200,131.89 ,133.60 ,121.60 ,TSLA
151,3/9/2020,121.60 ,85368700,121.08 ,132.60 ,121 ,TSLA
152,3/6/2020,140.70 ,63314600,138.00 ,141.40 ,136.85 ,TSLA
153,3/5/2020,144.91 ,54263300,144.75 ,149.15 ,143.61 ,TSLA
154,3/4/2020,149.90 ,75244900,152.79 ,153.30 ,144.95 ,TSLA
155,3/3/2020,149.10 ,128920000,161 ,161.40 ,143.22 ,TSLA
156,3/2/2020,148.72 ,100974950,142.25 ,148.74 ,137.33 ,TSLA
157,2/28/2020,133.60 ,122820850,125.94 ,138.10 ,122.30 ,TSLA
158,2/27/2020,135.80 ,121385800,146 ,147.95 ,133.80 ,TSLA
159,2/26/2020,155.76 ,70769200,156.50 ,162.66 ,155.22 ,TSLA
160,2/25/2020,159.98 ,86452400,169.80 ,171.32 ,157.40 ,TSLA
161,2/24/2020,166.76 ,75960800,167.80 ,172.70 ,164.44 ,TSLA
162,2/21/2020,180.20 ,71697250,181.40 ,182.61 ,176.09 ,TSLA
163,2/20/2020,179.88 ,88174450,182.39 ,182.40 ,171.99 ,TSLA
164,2/19/2020,183.48 ,127114800,184.70 ,188.96 ,180.20 ,TSLA
165,2/18/2020,171.68 ,83491850,168.32 ,172 ,166.47 ,TSLA
166,2/14/2020,160.01 ,78468550,157.44 ,162.59 ,157.10 ,TSLA
167,2/13/2020,160.80 ,131446750,148.37 ,163.60 ,147 ,TSLA
168,2/12/2020,153.46 ,60112350,155.57 ,157.95 ,152.67 ,TSLA
169,2/11/2020,154.88 ,58487350,153.76 ,156.70 ,151.60 ,TSLA
170,2/10/2020,154.26 ,123445800,160 ,164.00 ,150.48 ,TSLA
171,2/7/2020,149.61 ,85317600,146.11 ,153.95 ,146 ,TSLA
172,2/6/2020,149.79 ,199403750,139.98 ,159.17 ,137.40 ,TSLA
173,2/5/2020,146.94 ,242119200,164.65 ,169.20 ,140.82 ,TSLA
174,2/4/2020,177.41 ,304693800,176.59 ,193.80 ,166.78 ,TSLA
175,2/3/2020,156 ,236167500,134.74 ,157.23 ,134.70 ,TSLA
176,1/31/2020,130.11 ,78596350,128 ,130.60 ,126.50 ,TSLA
177,1/30/2020,128.16 ,145028400,126.48 ,130.18 ,123.60 ,TSLA
178,1/29/2020,116.20 ,91083350,115.14 ,117.96 ,113.49 ,TSLA
179,1/28/2020,113.38 ,58942450,113.70 ,115.36 ,111.62 ,TSLA
180,1/27/2020,111.60 ,68040350,108.40 ,112.89 ,107.86 ,TSLA
181,1/24/2020,112.96 ,71768000,114.13 ,114.77 ,110.85 ,TSLA
182,1/23/2020,114.44 ,98255200,112.85 ,116.40 ,111.12 ,TSLA
183,1/22/2020,113.91 ,156845150,114.38 ,118.90 ,111.82 ,TSLA
184,1/21/2020,109.44 ,89017350,106.05 ,109.72 ,105.68 ,TSLA
185,1/17/2020,102.10 ,68145350,101.52 ,103.13 ,100.63 ,TSLA
186,1/16/2020,102.70 ,108683250,98.75 ,102.89 ,98.43 ,TSLA
187,1/15/2020,103.70 ,86844150,105.95 ,107.57 ,103.36 ,TSLA
188,1/14/2020,107.58 ,145306900,108.85 ,109.48 ,104.98 ,TSLA
189,1/13/2020,104.97 ,133172750,98.70 ,105.13 ,98.40 ,TSLA
190,1/10/2020,95.63 ,64884150,96.36 ,96.99 ,94.74 ,TSLA
191,1/9/2020,96.27 ,142315950,99.42 ,99.76 ,94.57 ,TSLA
192,1/8/2020,98.43 ,155996950,94.74 ,99.70 ,93.65 ,TSLA
193,1/7/2020,93.81 ,91045700,92.28 ,94.33 ,90.67 ,TSLA
194,1/6/2020,90.31 ,50787500,88.09 ,90.31 ,88 ,TSLA
195,1/3/2020,88.60 ,88973500,88.10 ,90.80 ,87.38 ,TSLA
196,1/2/2020,86.05 ,47791930,84.90 ,86.14 ,84.34 ,TSLA
197,12/31/2019,83.67 ,51462300,81 ,84.26 ,80.42 ,TSLA
198,12/30/2019,82.94 ,63006350,85.76 ,85.80 ,81.85 ,TSLA
199,12/27/2019,86.08 ,49784135,87 ,87.06 ,85.22 ,TSLA
200,12/26/2019,86.19 ,53241450,85.58 ,86.70 ,85.27 ,TSLA
201,12/24/2019,85.05 ,40273600,83.67 ,85.09 ,82.54 ,TSLA
202,12/23/2019,83.84 ,66664100,82.36 ,84.40 ,82 ,TSLA
203,12/20/2019,81.12 ,73926050,82.06 ,82.60 ,80.04 ,TSLA
204,12/19/2019,80.81 ,90601550,79.46 ,81.37 ,79.30 ,TSLA
205,12/18/2019,78.63 ,70681950,76.13 ,79.04 ,76.12 ,TSLA
206,12/17/2019,75.80 ,42518875,75.80 ,77.10 ,75.18 ,TSLA
207,12/16/2019,76.30 ,91104700,72.51 ,76.72 ,72.50 ,TSLA
208,12/13/2019,71.68 ,32871405,72.21 ,73.04 ,70.93 ,TSLA
209,12/12/2019,71.94 ,38881055,70.98 ,72.55 ,70.65 ,TSLA
210,12/11/2019,70.54 ,34595810,70.38 ,71.44 ,70.22 ,TSLA
211,12/10/2019,69.77 ,44199755,67.99 ,70.15 ,67.86 ,TSLA
212,12/9/2019,67.91 ,45201085,67.32 ,68.89 ,67.02 ,TSLA
213,12/6/2019,67.18 ,38094685,67 ,67.77 ,66.95 ,TSLA
214,12/5/2019,66.07 ,18684880,66.57 ,66.88 ,65.45 ,TSLA
215,12/4/2019,66.61 ,27681275,67.55 ,67.57 ,66.57 ,TSLA
216,12/3/2019,67.24 ,33067380,66.52 ,67.58 ,66.44 ,TSLA
217,12/2/2019,66.97 ,30409930,65.88 ,67.28 ,65.74 ,TSLA
218,11/29/2019,65.99 ,12328145,66.22 ,66.25 ,65.50 ,TSLA
219,11/27/2019,66.26 ,27817295,66.22 ,66.79 ,65.71 ,TSLA
220,11/26/2019,65.78 ,39781195,67.05 ,67.10 ,65.42 ,TSLA
221,11/25/2019,67.27 ,61728850,68.86 ,68.91 ,66.89 ,TSLA
222,11/22/2019,66.61 ,84353200,68.03 ,68.20 ,66 ,TSLA
223,11/21/2019,70.97 ,30550065,70.90 ,72.17 ,70.80 ,TSLA
224,11/20/2019,70.44 ,33669825,72 ,72.24 ,69.91 ,TSLA
225,11/19/2019,71.90 ,38680390,70.35 ,72.00 ,69.56 ,TSLA
226,11/18/2019,70.00 ,22042525,70.58 ,70.63 ,69.22 ,TSLA
227,11/15/2019,70.43 ,24062815,70.13 ,70.56 ,69.67 ,TSLA
228,11/14/2019,69.87 ,32358515,69.22 ,70.77 ,68.58 ,TSLA
229,11/13/2019,69.22 ,42339315,71 ,71.27 ,69.04 ,TSLA
230,11/12/2019,69.99 ,36796915,69.38 ,70.07 ,68.81 ,TSLA
231,11/11/2019,69.02 ,49968445,68.79 ,69.84 ,68.40 ,TSLA
232,11/8/2019,67.43 ,30371105,66.90 ,67.49 ,66.50 ,TSLA
233,11/7/2019,67.11 ,72336750,65.83 ,68.30 ,65.60 ,TSLA
234,11/6/2019,65.32 ,39704660,63.60 ,65.34 ,62.90 ,TSLA
235,11/5/2019,63.44 ,34717085,63.92 ,64.70 ,63.22 ,TSLA
236,11/4/2019,63.49 ,43935200,62.96 ,64.39 ,61.85 ,TSLA
237,11/1/2019,62.66 ,31919645,63.26 ,63.30 ,61.96 ,TSLA
238,10/31/2019,62.98 ,25334780,62.62 ,63.80 ,62.60 ,TSLA
239,10/30/2019,63.00 ,48209050,62.60 ,63.76 ,61.99 ,TSLA
240,10/29/2019,63.24 ,63421350,64.00 ,64.86 ,62.95 ,TSLA
241,10/28/2019,65.54 ,94351450,65.51 ,68.17 ,64.52 ,TSLA
242,10/25/2019,65.63 ,150030450,59.54 ,66 ,59.22 ,TSLA
243,10/24/2019,59.94 ,149096150,59.67 ,60.99 ,57.84 ,TSLA
244,10/23/2019,50.94 ,56080900,50.90 ,51.23 ,50.27 ,TSLA
245,10/22/2019,51.12 ,23125475,50.86 ,51.67 ,50.17 ,TSLA
246,10/21/2019,50.70 ,25540505,51.67 ,51.90 ,50.04 ,TSLA
247,10/18/2019,51.39 ,28768330,52.14 ,52.56 ,51.02 ,TSLA
248,10/17/2019,52.39 ,23895215,52.50 ,52.96 ,52.03 ,TSLA
249,10/16/2019,51.95 ,33521515,51.48 ,52.42 ,51.38 ,TSLA
250,10/15/2019,51.58 ,32397280,51.54 ,52 ,50.82 ,TSLA
251,10/14/2019,51.39 ,51134300,49.58 ,51.71 ,49.43 ,TSLA
0,10/12/2020,221.68 ,5775833,226.20 ,227 ,221.35 ,ROKU
1,10/9/2020,223.95 ,7254511,226.05 ,226.83 ,221.63 ,ROKU
2,10/8/2020,223.84 ,12767710,221.96 ,228.33 ,219.33 ,ROKU
3,10/7/2020,212.55 ,5165809,207.95 ,214.26 ,207.50 ,ROKU
4,10/6/2020,204.83 ,5504880,203.76 ,208.96 ,202.66 ,ROKU
5,10/5/2020,204.16 ,5171513,201.39 ,204.94 ,197.95 ,ROKU
6,10/2/2020,200 ,7415315,195.37 ,203.56 ,194.80 ,ROKU
7,10/1/2020,200.34 ,9732140,192.83 ,200.47 ,192.70 ,ROKU
8,9/30/2020,188.80 ,6795956,187.89 ,193.55 ,185.86 ,ROKU
9,9/29/2020,187.87 ,6243442,186.20 ,190.34 ,183.22 ,ROKU
10,9/28/2020,186.29 ,5653581,185 ,189.01 ,181.66 ,ROKU
11,9/25/2020,182.43 ,8288036,182.67 ,186.96 ,176.63 ,ROKU
12,9/24/2020,178.27 ,10836110,183.57 ,184.97 ,177.68 ,ROKU
13,9/23/2020,187.25 ,18585120,193.49 ,200.73 ,185 ,ROKU
14,9/22/2020,193.79 ,20693160,187.38 ,195.36 ,182.50 ,ROKU
15,9/21/2020,188.82 ,35514980,166.05 ,189.80 ,163.54 ,ROKU
16,9/18/2020,160.47 ,9286668,165.23 ,165.78 ,157.54 ,ROKU
17,9/17/2020,164.67 ,6320792,165.86 ,168.13 ,161.36 ,ROKU
18,9/16/2020,169.99 ,8092496,168 ,174.19 ,167.71 ,ROKU
19,9/15/2020,168.52 ,10223590,162.72 ,170.44 ,161.77 ,ROKU
20,9/14/2020,157.73 ,5009864,157.06 ,160.20 ,155.40 ,ROKU
21,9/11/2020,155.46 ,5037086,160.75 ,161.50 ,152.62 ,ROKU
22,9/10/2020,159.44 ,5310831,162.24 ,168.60 ,158.93 ,ROKU
23,9/9/2020,161.18 ,6125401,166.07 ,166.80 ,159.08 ,ROKU
24,9/8/2020,162.63 ,11271260,155.08 ,170.44 ,155 ,ROKU
25,9/4/2020,159.91 ,7218555,165 ,167.42 ,150.38 ,ROKU
26,9/3/2020,166.90 ,8175479,172.18 ,176.48 ,165.08 ,ROKU
27,9/2/2020,178.32 ,8279562,183.76 ,183.76 ,171.03 ,ROKU
28,9/1/2020,179.27 ,10575670,177.00 ,185.44 ,176.63 ,ROKU
29,8/31/2020,173.48 ,10227090,172.51 ,175.51 ,168.06 ,ROKU
30,8/28/2020,172.85 ,26709830,162 ,177.54 ,161.50 ,ROKU
31,8/27/2020,160.97 ,7424980,162.59 ,166.15 ,157.86 ,ROKU
32,8/26/2020,164.28 ,17714780,151.61 ,167.17 ,151.13 ,ROKU
33,8/25/2020,147.77 ,3577572,148 ,148.72 ,145.86 ,ROKU
34,8/24/2020,148.58 ,4350896,149.50 ,149.70 ,145.60 ,ROKU
35,8/21/2020,147.13 ,3544280,148.95 ,150.56 ,146.60 ,ROKU
36,8/20/2020,148.89 ,4492910,147.31 ,151.89 ,146.42 ,ROKU
37,8/19/2020,147.37 ,4333671,149 ,150.89 ,146.17 ,ROKU
38,8/18/2020,149.85 ,5945820,147.30 ,152.19 ,146.51 ,ROKU
39,8/17/2020,145.71 ,4907425,147.77 ,148.27 ,143.36 ,ROKU
40,8/14/2020,146.85 ,3854973,150.85 ,152.50 ,146.20 ,ROKU
41,8/13/2020,149.97 ,5544661,148.62 ,152.01 ,146.81 ,ROKU
42,8/12/2020,146.98 ,10277180,151.45 ,153.85 ,146.66 ,ROKU
43,8/11/2020,146.41 ,5630840,149.28 ,152.25 ,143.21 ,ROKU
44,8/10/2020,150.41 ,6280343,157.42 ,157.79 ,147.56 ,ROKU
45,8/7/2020,156.39 ,15904120,154.45 ,164.73 ,153.39 ,ROKU
46,8/6/2020,153.87 ,19647040,159.57 ,160.50 ,150.05 ,ROKU
47,8/5/2020,165.42 ,12796110,164.85 ,169.14 ,163.75 ,ROKU
48,8/4/2020,166.44 ,8704308,164.23 ,168.15 ,163.31 ,ROKU
49,8/3/2020,161.82 ,8886606,158.36 ,163.42 ,156.62 ,ROKU
50,7/31/2020,154.89 ,8087277,153.61 ,158.27 ,151.12 ,ROKU
51,7/30/2020,150.35 ,3458186,150.16 ,154.02 ,149.24 ,ROKU
52,7/29/2020,151.57 ,4599213,150 ,154.42 ,149.20 ,ROKU
53,7/28/2020,148.75 ,5496831,154.39 ,155.95 ,148.50 ,ROKU
54,7/27/2020,155.97 ,5140619,153.34 ,156.58 ,151.55 ,ROKU
55,7/24/2020,151.17 ,4891509,147.24 ,153.10 ,145.17 ,ROKU
56,7/23/2020,150.16 ,7138757,152.22 ,158.47 ,148.04 ,ROKU
57,7/22/2020,152.17 ,3576100,153.53 ,156 ,150.82 ,ROKU
58,7/21/2020,153.36 ,9381667,152.78 ,159.06 ,150.22 ,ROKU
59,7/20/2020,150.46 ,6177844,148.78 ,151.63 ,146.58 ,ROKU
60,7/17/2020,148.36 ,6527409,150.99 ,153.71 ,147.95 ,ROKU
61,7/16/2020,153.31 ,8910187,152.72 ,157.28 ,149.48 ,ROKU
62,7/15/2020,154.21 ,9203160,150.98 ,155.88 ,147.59 ,ROKU
63,7/14/2020,150.36 ,12712260,149.51 ,156.36 ,142.15 ,ROKU
64,7/13/2020,149.06 ,18541460,158.99 ,166.18 ,147.42 ,ROKU
65,7/10/2020,153.05 ,24628170,147.82 ,159.88 ,147.26 ,ROKU
66,7/9/2020,149.69 ,25309440,136.50 ,149.98 ,136.28 ,ROKU
67,7/8/2020,133.76 ,6408142,131.88 ,135.14 ,130.70 ,ROKU
68,7/7/2020,130.42 ,7458937,131.69 ,135.81 ,129.40 ,ROKU
69,7/6/2020,132.03 ,10413880,130.86 ,135.97 ,128.66 ,ROKU
70,7/2/2020,128.65 ,12158070,128.47 ,132.50 ,125.20 ,ROKU
71,7/1/2020,128.39 ,15001830,117.30 ,129.44 ,116.35 ,ROKU
72,6/30/2020,116.53 ,5845926,115.10 ,117.87 ,113.88 ,ROKU
73,6/29/2020,115.05 ,12073780,122.40 ,123.21 ,112.11 ,ROKU
74,6/26/2020,122.55 ,7984056,124.82 ,126.55 ,120.26 ,ROKU
75,6/25/2020,123.60 ,4810116,123 ,125 ,120.57 ,ROKU
76,6/24/2020,123.35 ,8242087,127.13 ,129.93 ,120.42 ,ROKU
77,6/23/2020,127.88 ,8997654,131 ,132.42 ,127.33 ,ROKU
78,6/22/2020,129.78 ,13285640,129.50 ,134.81 ,128.51 ,ROKU
79,6/19/2020,128.50 ,18937190,128.17 ,132.17 ,124.75 ,ROKU
80,6/18/2020,127.79 ,19343500,117.75 ,129.19 ,117.73 ,ROKU
81,6/17/2020,117.32 ,14462360,119.48 ,123.10 ,115.78 ,ROKU
82,6/16/2020,120.81 ,17193430,109.81 ,120.85 ,107.70 ,ROKU
83,6/15/2020,107.49 ,5940034,107.17 ,107.64 ,103.94 ,ROKU
84,6/12/2020,108.07 ,7460366,108.81 ,110.16 ,105.30 ,ROKU
85,6/11/2020,106.95 ,8314027,108.69 ,114.92 ,106.24 ,ROKU
86,6/10/2020,113.80 ,8123735,114.49 ,116.28 ,110.22 ,ROKU
87,6/9/2020,113.25 ,9760459,112.44 ,115.17 ,108.60 ,ROKU
88,6/8/2020,112.95 ,9120362,105.53 ,113.02 ,103.97 ,ROKU
89,6/5/2020,104.38 ,10496240,103.95 ,104.50 ,100.19 ,ROKU
90,6/4/2020,102.93 ,11763660,104 ,107.75 ,101.80 ,ROKU
91,6/3/2020,103.96 ,13477490,111 ,111.35 ,103.90 ,ROKU
92,6/2/2020,110.82 ,6356971,113.72 ,114.38 ,108.87 ,ROKU
93,6/1/2020,112.95 ,6974119,109.17 ,114.20 ,108.40 ,ROKU
94,5/29/2020,109.51 ,6830394,109.85 ,112.12 ,107.31 ,ROKU
95,5/28/2020,109.20 ,7472425,105.63 ,110.84 ,104.88 ,ROKU
96,5/27/2020,106.56 ,7960772,107.34 ,109.09 ,101.56 ,ROKU
97,5/26/2020,107.59 ,8255852,110.21 ,111.66 ,107.30 ,ROKU
98,5/22/2020,108.51 ,11992020,111.63 ,114.40 ,107.62 ,ROKU
99,5/21/2020,114.70 ,7715740,116.36 ,116.56 ,112.07 ,ROKU
100,5/20/2020,117.04 ,8665556,118.50 ,119.92 ,114.25 ,ROKU
101,5/19/2020,116.02 ,6676783,118.87 ,119.99 ,115.03 ,ROKU
102,5/18/2020,118.45 ,9362843,114.53 ,120.09 ,114.52 ,ROKU
103,5/15/2020,112.93 ,9708498,115.82 ,116.79 ,112.48 ,ROKU
104,5/14/2020,116.60 ,12161100,117.50 ,120.70 ,115.06 ,ROKU
105,5/13/2020,117.56 ,18672260,128.28 ,128.55 ,114.60 ,ROKU
106,5/12/2020,127.16 ,11524270,132.69 ,134.98 ,126.68 ,ROKU
107,5/11/2020,132.18 ,14463850,125.02 ,132.88 ,124.60 ,ROKU
108,5/8/2020,126.66 ,29648140,125.57 ,133.67 ,124.35 ,ROKU
109,5/7/2020,137.50 ,22127780,131.20 ,138.79 ,130.28 ,ROKU
110,5/6/2020,127.52 ,10567090,123.54 ,128.95 ,122.51 ,ROKU
111,5/5/2020,123.49 ,9657805,126.30 ,126.77 ,121.77 ,ROKU
112,5/4/2020,124.30 ,14551630,113.46 ,124.33 ,112.69 ,ROKU
113,5/1/2020,114.02 ,9717854,119.55 ,122 ,111.36 ,ROKU
114,4/30/2020,121.23 ,8027682,119.17 ,124.50 ,118.70 ,ROKU
115,4/29/2020,119.52 ,8984944,119.19 ,122.86 ,116.65 ,ROKU
116,4/28/2020,119.36 ,13001590,126.05 ,127.26 ,118.51 ,ROKU
117,4/27/2020,128.63 ,6580570,126.30 ,130.36 ,125.32 ,ROKU
118,4/24/2020,124.83 ,7635995,124.86 ,126.02 ,121.64 ,ROKU
119,4/23/2020,123.06 ,11360860,123 ,128.40 ,122.21 ,ROKU
120,4/22/2020,122.19 ,12271220,124.43 ,125.73 ,119.25 ,ROKU
121,4/21/2020,123.56 ,19014500,131.75 ,132.74 ,118.12 ,ROKU
122,4/20/2020,130.04 ,18823120,127.85 ,135.47 ,127.35 ,ROKU
123,4/17/2020,126.80 ,20691750,123.68 ,128.01 ,118.56 ,ROKU
124,4/16/2020,128 ,38289480,117 ,132.40 ,115.10 ,ROKU
125,4/15/2020,113 ,18210720,102.42 ,114.32 ,101.97 ,ROKU
126,4/14/2020,106.53 ,22987860,107.99 ,108.60 ,102.42 ,ROKU
127,4/13/2020,96.56 ,8648443,92.50 ,96.80 ,91.07 ,ROKU
128,4/9/2020,92.45 ,7271763,90.10 ,94.10 ,89.13 ,ROKU
129,4/8/2020,87.81 ,6446886,88.90 ,92.15 ,87.52 ,ROKU
130,4/7/2020,87.80 ,6192990,92.85 ,93.68 ,86.56 ,ROKU
131,4/6/2020,89.49 ,7148433,83.71 ,90.44 ,83.50 ,ROKU
132,4/3/2020,81.46 ,4738109,82.28 ,83.34 ,79.38 ,ROKU
133,4/2/2020,82.53 ,5268774,81.41 ,84.62 ,80.75 ,ROKU
134,4/1/2020,82.42 ,8694551,84.98 ,86.50 ,81.64 ,ROKU
135,3/31/2020,87.48 ,9175507,89.16 ,94.70 ,87.08 ,ROKU
136,3/30/2020,89.61 ,7899543,88.95 ,90.85 ,86.15 ,ROKU
137,3/27/2020,87.45 ,9820742,87.40 ,89.50 ,83.13 ,ROKU
138,3/26/2020,89.75 ,15247800,93.20 ,96.44 ,87 ,ROKU
139,3/25/2020,94.85 ,15629750,97.85 ,100 ,88.88 ,ROKU
140,3/24/2020,97.20 ,17774350,96.50 ,101.78 ,92.10 ,ROKU
141,3/23/2020,89.46 ,18705860,77.37 ,90.44 ,74.77 ,ROKU
142,3/20/2020,76.13 ,13755050,76.52 ,80.08 ,73.16 ,ROKU
143,3/19/2020,74.12 ,13199830,69.47 ,75.54 ,67.22 ,ROKU
144,3/18/2020,67.50 ,19522020,64.79 ,74.85 ,61.50 ,ROKU
145,3/17/2020,69.46 ,24859200,60.30 ,75.79 ,58.22 ,ROKU
146,3/16/2020,63.84 ,14455800,74.70 ,76.47 ,63.59 ,ROKU
147,3/13/2020,80.95 ,11943990,82.71 ,83.48 ,74.25 ,ROKU
148,3/12/2020,78.81 ,13580470,80.65 ,86.64 ,78.80 ,ROKU
149,3/11/2020,90.63 ,8764425,96.38 ,97.35 ,89.15 ,ROKU
150,3/10/2020,97.30 ,9694177,101.06 ,101.06 ,92.75 ,ROKU
151,3/9/2020,96.26 ,10503220,91 ,101.95 ,90.40 ,ROKU
152,3/6/2020,102.02 ,11841520,104.35 ,105.30 ,98.60 ,ROKU
153,3/5/2020,106.44 ,8623366,108.20 ,110.08 ,105.66 ,ROKU
154,3/4/2020,109.61 ,8881232,110.01 ,110.45 ,105.65 ,ROKU
155,3/3/2020,108.62 ,11612320,113.98 ,114.75 ,106.42 ,ROKU
156,3/2/2020,114.67 ,9298131,115.49 ,116.16 ,111.33 ,ROKU
157,2/28/2020,113.67 ,12392760,107 ,114.12 ,106 ,ROKU
158,2/27/2020,110.03 ,15852130,106.88 ,115.20 ,105.57 ,ROKU
159,2/26/2020,112.71 ,9769336,118.29 ,119.36 ,112.33 ,ROKU
160,2/25/2020,118.67 ,14532960,119.48 ,120.49 ,113.06 ,ROKU
161,2/24/2020,116.99 ,16435530,110.30 ,118 ,108.05 ,ROKU
162,2/21/2020,119.38 ,12571070,122.95 ,123.75 ,118.24 ,ROKU
163,2/20/2020,124.08 ,15397010,127.25 ,127.79 ,121.12 ,ROKU
164,2/19/2020,126.56 ,17247330,129.22 ,131.60 ,126.40 ,ROKU
165,2/18/2020,127.15 ,19482380,131.66 ,133.55 ,125.24 ,ROKU
166,2/14/2020,130.25 ,63567840,149.19 ,151.20 ,127.40 ,ROKU
167,2/13/2020,139.05 ,20641430,139.50 ,141.71 ,138.36 ,ROKU
168,2/12/2020,138.29 ,12578190,140.28 ,141.30 ,137.03 ,ROKU
169,2/11/2020,137 ,19907970,135.71 ,142.45 ,134.10 ,ROKU
170,2/10/2020,132.21 ,13483880,124.99 ,133.37 ,124.80 ,ROKU
171,2/7/2020,124.25 ,5447809,126.30 ,127.60 ,123.90 ,ROKU
172,2/6/2020,126.16 ,6425818,126.40 ,129.02 ,124.23 ,ROKU
173,2/5/2020,125.94 ,8797366,133.46 ,133.51 ,125.02 ,ROKU
174,2/4/2020,131.03 ,7994370,129.10 ,132.79 ,128.77 ,ROKU
175,2/3/2020,127.50 ,10128880,123.90 ,129.48 ,123.20 ,ROKU
176,1/31/2020,120.95 ,16948040,129.10 ,129.53 ,120.35 ,ROKU
177,1/30/2020,130.64 ,4472493,127.56 ,130.88 ,126.80 ,ROKU
178,1/29/2020,128.88 ,5818648,130.44 ,131.80 ,128.62 ,ROKU
179,1/28/2020,129.61 ,8173072,127.30 ,130.29 ,125.01 ,ROKU
180,1/27/2020,126.21 ,9239393,127.53 ,128.52 ,123.78 ,ROKU
181,1/24/2020,130.09 ,8488058,133.92 ,135.66 ,128.79 ,ROKU
182,1/23/2020,134.07 ,8818755,132.18 ,134.99 ,129.55 ,ROKU
183,1/22/2020,132.43 ,11829950,137.52 ,140.50 ,132.31 ,ROKU
184,1/21/2020,136.63 ,12801120,132.15 ,137.50 ,131.23 ,ROKU
185,1/17/2020,130.38 ,9173506,131.25 ,131.60 ,128.38 ,ROKU
186,1/16/2020,131.07 ,11227330,132.87 ,134.27 ,128.40 ,ROKU
187,1/15/2020,132.50 ,7642676,132.87 ,136.06 ,132.13 ,ROKU
188,1/14/2020,133.42 ,11165070,134.04 ,137.13 ,131.12 ,ROKU
189,1/13/2020,133.93 ,18471280,130.23 ,135 ,126.30 ,ROKU
190,1/10/2020,128.40 ,13453460,132.64 ,133 ,128.10 ,ROKU
191,1/9/2020,133.79 ,12642460,135.67 ,138.77 ,131.24 ,ROKU
192,1/8/2020,134.64 ,11314840,137.11 ,137.93 ,132.85 ,ROKU
193,1/7/2020,138.19 ,11779530,144.01 ,144.23 ,137.91 ,ROKU
194,1/6/2020,143.37 ,14432740,136.26 ,144.55 ,135.75 ,ROKU
195,1/3/2020,137.51 ,8645170,134.51 ,138.89 ,134 ,ROKU
196,1/2/2020,137.10 ,9941860,135.99 ,137.33 ,133.58 ,ROKU
197,12/31/2019,133.90 ,13780360,128.75 ,134.85 ,127.22 ,ROKU
198,12/30/2019,131.60 ,14494280,137.50 ,138.75 ,130.60 ,ROKU
199,12/27/2019,139.52 ,13326950,144.94 ,145.10 ,139 ,ROKU
200,12/26/2019,144.60 ,14677300,146.69 ,149.49 ,143.82 ,ROKU
201,12/24/2019,145.57 ,11084700,141.30 ,146.72 ,140.50 ,ROKU
202,12/23/2019,140.14 ,10815810,137.01 ,141.25 ,136.08 ,ROKU
203,12/20/2019,136.89 ,12726700,140.14 ,141.87 ,136.35 ,ROKU
204,12/19/2019,137.73 ,13771990,134.39 ,141 ,133.80 ,ROKU
205,12/18/2019,134.44 ,9450115,136.03 ,137.59 ,133.93 ,ROKU
206,12/17/2019,135.28 ,16017920,136.49 ,137.74 ,132.80 ,ROKU
207,12/16/2019,138.35 ,19700730,134 ,138.51 ,127.53 ,ROKU
208,12/13/2019,132.49 ,17473030,138.30 ,142.84 ,132.16 ,ROKU
209,12/12/2019,139.57 ,16739130,144.73 ,144.88 ,136.81 ,ROKU
210,12/11/2019,145.70 ,9539369,147.98 ,148.72 ,144.67 ,ROKU
211,12/10/2019,147.09 ,11143150,146.40 ,149.27 ,145.30 ,ROKU
212,12/9/2019,145.54 ,12591960,143.95 ,148.03 ,143.61 ,ROKU
213,12/6/2019,144.26 ,15788460,148.60 ,149.79 ,143.13 ,ROKU
214,12/5/2019,148.34 ,15842540,152.47 ,153.35 ,147.55 ,ROKU
215,12/4/2019,150.58 ,26260110,149 ,151.97 ,144.05 ,ROKU
216,12/3/2019,144.63 ,27532310,138.06 ,145.89 ,136.52 ,ROKU
217,12/2/2019,136.07 ,48174440,145.85 ,146.68 ,132.40 ,ROKU
218,11/29/2019,160.37 ,7526777,160.88 ,163.44 ,159.30 ,ROKU
219,11/27/2019,161.64 ,19115500,167.05 ,168.85 ,159.61 ,ROKU
220,11/26/2019,164.28 ,16055740,158.95 ,164.42 ,157.60 ,ROKU
221,11/25/2019,158.08 ,14386880,160.76 ,162.47 ,157.51 ,ROKU
222,11/22/2019,158.75 ,14853060,158.60 ,160.58 ,154.56 ,ROKU
223,11/21/2019,155.91 ,21586340,159.70 ,163.33 ,154.13 ,ROKU
224,11/20/2019,158.93 ,26617630,152.21 ,160.99 ,151.17 ,ROKU
225,11/19/2019,153.91 ,31464770,153.45 ,158 ,147.51 ,ROKU
226,11/18/2019,160.12 ,27647310,157.30 ,165.10 ,153.56 ,ROKU
227,11/15/2019,157.30 ,26600100,151.70 ,158.23 ,149.80 ,ROKU
228,11/14/2019,148.70 ,26222960,142 ,150.04 ,141.19 ,ROKU
229,11/13/2019,142.37 ,20654070,134.48 ,142.45 ,133.06 ,ROKU
230,11/12/2019,135.35 ,24287750,130.08 ,135.80 ,130.08 ,ROKU
231,11/11/2019,129.21 ,20702970,120.80 ,129.55 ,120.28 ,ROKU
232,11/8/2019,121.94 ,19221270,119.20 ,123.56 ,118.70 ,ROKU
233,11/7/2019,118.46 ,52683910,118.75 ,128.38 ,116.26 ,ROKU
234,11/6/2019,141.05 ,21711920,138.65 ,143.95 ,136.81 ,ROKU
235,11/5/2019,139.57 ,11789380,140.47 ,142.65 ,136.71 ,ROKU
236,11/4/2019,140.51 ,20088780,147.15 ,148.85 ,137.45 ,ROKU
237,11/1/2019,146.50 ,10946600,148.44 ,148.70 ,143.41 ,ROKU
238,10/31/2019,147.20 ,13249350,149.43 ,151.30 ,143.36 ,ROKU
239,10/30/2019,149.43 ,10916470,147.74 ,151.48 ,146.84 ,ROKU
240,10/29/2019,147.24 ,16095060,146.10 ,149.51 ,143.68 ,ROKU
241,10/28/2019,146.88 ,24073200,137 ,148.17 ,136.40 ,ROKU
242,10/25/2019,133.74 ,11485720,129.15 ,134.10 ,127.30 ,ROKU
243,10/24/2019,131.22 ,10597880,128.33 ,131.88 ,126.41 ,ROKU
244,10/23/2019,128.76 ,10702320,129 ,131.87 ,127.02 ,ROKU
245,10/22/2019,129.06 ,17122370,132.81 ,136.70 ,127.02 ,ROKU
246,10/21/2019,133.03 ,16408270,128.75 ,135.35 ,128.21 ,ROKU
247,10/18/2019,129.94 ,32463530,137.39 ,139.07 ,124.79 ,ROKU
248,10/17/2019,139.07 ,20090070,131.94 ,139.59 ,130.14 ,ROKU
249,10/16/2019,132.50 ,22426090,132.83 ,134.28 ,127.81 ,ROKU
250,10/15/2019,132.82 ,26623530,123.18 ,132.95 ,122.53 ,ROKU
251,10/14/2019,119.12 ,14498590,120.58 ,122.10 ,117.80 ,ROKU
